DISEASE,CORR_COVERAGE_vs_CASES,N
MEASLES,-0.17694163079553155,11625
PERTUSSIS,-0.17106679920488846,14672
DIPHTHERIA,-0.1587334206517496,14618
POLIO,-0.13419531109225968,9808
TETANUS,-0.09581233937004477,39796
