DISEASE,PCT_CHANGE
POLIO,-100.0
TETANUS,-88.27015147947571
MEASLES,-78.9917585534616
PERTUSSIS,-49.02012711864407
DIPHTHERIA,163.36749188311688
